1,e.pavliychenkova@gmail.com,123,e.pavliychenkova@gmail.com,sur,2024-11-20 00:00:00,ADMIN,
2,e.pavliychenkova@gmail.com,111,,,2024-11-20 00:00:00,READER,
3,aaa@mail.ru,111,,,2024-11-20 00:00:00,READER,
4,e.pavliychenkova@gmail.com,123,,,2024-11-20 00:00:00,JOURNALIST,
5,a@mail.ru,11,,,2024-11-20 00:00:00,JOURNALIST,
6,w@mail.com,11,,,2024-11-20 00:00:00,JOURNALIST,
7,q@mail,1,,,2024-11-20 00:00:00,READER,
8,q@mail.com,1,,,2024-11-20 00:00:00,READER,
9,e.pavliychenkova@gmail.com,11,,,2024-11-27 00:00:00,JOURNALIST,
10,e.pavliychenkova@gmail.com,11,,,2024-11-27 00:00:00,JOURNALIST,
